productId,sellerId,oriMinPrice,oriMaxPrice,productTitle,promotionId,URL
4001082068196,200489596,US $51.12,US $98.31,Rosabeauty 30 32 inch 13x4 Straight Lace Front Wig Peruvian Human Hair 4x4 5X5 13X6 Transparent Lace Closure Frontal Wigs,1910165734,"//www.aliexpress.com/item/4001082068196.html?pdp_ext_f=%7B%22sku_id%22:%2212000018018889885%22,%22ship_from%22:%22CN%22%7D&gps-id=5547572&scm=1007.19201.130907.0&scm_id=1007.19201.130907.0&scm-url=1007.19201.130907.0&pvid=375266d3-7e89-4a7a-9012-23fe492257f1"
4000943018191,231818581,US $193.00,US $316.40,SVT Indian Deep Curly Lace Front Wig Human Hair Wigs For Black Women Deep Wave 4x4 Glueless Lace Closure Wig Prelucked Hairline,1909403946,"//www.aliexpress.com/item/4000943018191.html?pdp_ext_f=%7B%22sku_id%22:%2210000014305594737%22,%22ship_from%22:%22US%22%7D&gps-id=5547572&scm=1007.19201.130907.0&scm_id=1007.19201.130907.0&scm-url=1007.19201.130907.0&pvid=375266d3-7e89-4a7a-9012-23fe492257f1"
1005002449179324,241003639,US $239.58,US $479.16,30 Inch Body Wave Lace Front Wig 13x4 Lace Frontal Human Hair Wigs for Black Women Brazilian Pre-plucked HD Loose Deep Wave Wigs,1909832440,"//www.aliexpress.com/item/1005002449179324.html?pdp_ext_f=%7B%22sku_id%22:%2212000020698139514%22,%22ship_from%22:%22US%22%7D&gps-id=5547572&scm=1007.19201.130907.0&scm_id=1007.19201.130907.0&scm-url=1007.19201.130907.0&pvid=375266d3-7e89-4a7a-9012-23fe492257f1"
4000203480306,220527017,US $0.01,US $1.98,Vnox Basic Punk Stainless Steel Necklace for Men Women Curb Cuban Link Chain Chokers Vintage Black Gold Tone Solid Metal,1909409990,"//www.aliexpress.com/item/4000203480306.html?pdp_ext_f=%7B%22sku_id%22:%2210000000774745001%22,%22ship_from%22:%22%22%7D&gps-id=5547572&scm=1007.19201.130907.0&scm_id=1007.19201.130907.0&scm-url=1007.19201.130907.0&pvid=375266d3-7e89-4a7a-9012-23fe492257f1"
1005001780778399,238762316,US $9.86,US $19.73,Women Thick Platform Slippers Summer Beach Eva Soft Sole Slide Sandals Leisure Men Ladies Indoor Bathroom Anti-slip Shoes,1909409990,"//www.aliexpress.com/item/1005001780778399.html?pdp_ext_f=%7B%22sku_id%22:%2212000020547969425%22,%22ship_from%22:%22%22%7D&gps-id=5547572&scm=1007.19201.130907.0&scm_id=1007.19201.130907.0&scm-url=1007.19201.130907.0&pvid=375266d3-7e89-4a7a-9012-23fe492257f1"
1005002278750230,248285832,US $22.21,US $138.83,LIGE 2021 New Smart Watch Men Full Touch Screen Sport Fitness Watch IP67 Waterproof Bluetooth For Android ios smartwatch Men+box,1909832440,"//www.aliexpress.com/item/1005002278750230.html?pdp_ext_f=%7B%22sku_id%22:%2212000019885913794%22,%22ship_from%22:%22ES%22%7D&gps-id=5547572&scm=1007.19201.130907.0&scm_id=1007.19201.130907.0&scm-url=1007.19201.130907.0&pvid=375266d3-7e89-4a7a-9012-23fe492257f1"
1005002027438625,224759163,US $19.81,US $39.62,Eilyken 2021 New Summer Fashion Design Weave Women Sandals Transparent Strange High heels Ladies Sandals Open Toe Shoes,1909409990,"//www.aliexpress.com/item/1005002027438625.html?pdp_ext_f=%7B%22sku_id%22:%2212000018459277418%22,%22ship_from%22:%22%22%7D&gps-id=5547572&scm=1007.19201.130907.0&scm_id=1007.19201.130907.0&scm-url=1007.19201.130907.0&pvid=375266d3-7e89-4a7a-9012-23fe492257f1"
4000517004580,228754193,US $42.12,US $102.72,Deep Tissue Muscle Massage Gun Body Shoulder Back Neck Massager Exercising Athletes Relaxation Slimming Shaping Pain Relief,1909836164,"//www.aliexpress.com/item/4000517004580.html?pdp_ext_f=%7B%22sku_id%22:%2212000016191808432%22,%22ship_from%22:%22ES%22%7D&gps-id=5547572&scm=1007.19201.130907.0&scm_id=1007.19201.130907.0&scm-url=1007.19201.130907.0&pvid=375266d3-7e89-4a7a-9012-23fe492257f1"
1005001737420626,237253742,US $65.65,US $126.25,Brazilian Curly Hair Headband Wig Glueless Scarf Remy Human Hair Wigs for Black Women Full Machine Made Wig Beginner Friendly,1909409990,"//www.aliexpress.com/item/1005001737420626.html?pdp_ext_f=%7B%22sku_id%22:%2212000017393112833%22,%22ship_from%22:%22CN%22%7D&gps-id=5547572&scm=1007.19201.130907.0&scm_id=1007.19201.130907.0&scm-url=1007.19201.130907.0&pvid=375266d3-7e89-4a7a-9012-23fe492257f1"
1005001774142805,238990876,US $43.78,US $398.00,Jerry Curly Human Hair Wigs with Bangs Full Machine Made Wigs Highlight Honey Blonde Colored Wigs For Women Peruvian Remy Hair,1909409990,"//www.aliexpress.com/item/1005001774142805.html?pdp_ext_f=%7B%22sku_id%22:%2212000017520445752%22,%22ship_from%22:%22%22%7D&gps-id=5547572&scm=1007.19201.130907.0&scm_id=1007.19201.130907.0&scm-url=1007.19201.130907.0&pvid=375266d3-7e89-4a7a-9012-23fe492257f1"
4000469754522,228101900,US $15.29,US $89.95,3500mAh Wireless Earphones Bluetooth-Compatible V5.0 TWS Wireless Headphones LED Display With Power Bank Headset With Microphone,1909409990,"//www.aliexpress.com/item/4000469754522.html?pdp_ext_f=%7B%22sku_id%22:%2212000021918827990%22,%22ship_from%22:%22RU%22%7D&gps-id=5547572&scm=1007.19201.130907.0&scm_id=1007.19201.130907.0&scm-url=1007.19201.130907.0&pvid=375266d3-7e89-4a7a-9012-23fe492257f1"
32949276208,220524424,US $0.99,US $4.99,2021 New Arrival Fashion Luxury 925 Sterling Silver Pink CZ Drop Stud Earing For Women Valentine's Day Gift Z5,1909409990,"//www.aliexpress.com/item/32949276208.html?pdp_ext_f=%7B%22sku_id%22:%2212000016731438538%22,%22ship_from%22:%22%22%7D&gps-id=5547572&scm=1007.19201.130907.0&scm_id=1007.19201.130907.0&scm-url=1007.19201.130907.0&pvid=375266d3-7e89-4a7a-9012-23fe492257f1"
1005002746222316,237585399,US $21.49,US $49.98,NAVIFORCE Men's Watches 2021 Luxury Gold Business Classic Quartz Clock Analog Chronograph Sport Waterproof Steel Band Wristwatch,1909832440,"//www.aliexpress.com/item/1005002746222316.html?pdp_ext_f=%7B%22sku_id%22:%2212000021946306612%22,%22ship_from%22:%22%22%7D&gps-id=5547572&scm=1007.19201.130907.0&scm_id=1007.19201.130907.0&scm-url=1007.19201.130907.0&pvid=375266d3-7e89-4a7a-9012-23fe492257f1"
1005001581424219,202299768,US $18.85,US $40.98,Simenual Ruched Denim Blue High Wait Stacked Pants Autumn 2021 Women Clothing Streetwear Jeans Fashion Skinny Pockets Trousers,1909409990,"//www.aliexpress.com/item/1005001581424219.html?pdp_ext_f=%7B%22sku_id%22:%2212000016674250055%22,%22ship_from%22:%22%22%7D&gps-id=5547572&scm=1007.19201.130907.0&scm_id=1007.19201.130907.0&scm-url=1007.19201.130907.0&pvid=375266d3-7e89-4a7a-9012-23fe492257f1"
1005001618330761,239143431,US $2.78,US $4.27,RED SIREN 1 Pair 25 mm Mink Eyelashes Fluffy Lashes Dramatic Messy Long False Eyelashes Makeup Wholesale 25mm 3d Mink Lashes,1909409990,"//www.aliexpress.com/item/1005001618330761.html?pdp_ext_f=%7B%22sku_id%22:%2212000016838669386%22,%22ship_from%22:%22%22%7D&gps-id=5547572&scm=1007.19201.130907.0&scm_id=1007.19201.130907.0&scm-url=1007.19201.130907.0&pvid=375266d3-7e89-4a7a-9012-23fe492257f1"
1005002259785187,231177150,US $18.99,US $31.65,FSDA 2021 Print Knit Bodycon Dress Women Green Y2K Summer Hollow Out Sexy Sleeveless Spaghetti Strap Beach Midi Dresses Party,1909836164,"//www.aliexpress.com/item/1005002259785187.html?pdp_ext_f=%7B%22sku_id%22:%2212000019732451280%22,%22ship_from%22:%22%22%7D&gps-id=5547572&scm=1007.19201.130907.0&scm_id=1007.19201.130907.0&scm-url=1007.19201.130907.0&pvid=375266d3-7e89-4a7a-9012-23fe492257f1"
4000818797701,221994121,US $0.01,US $3.32,MAANGE Makeup Brushes Pro Pink Brush Set Powder EyeShadow Blending Eyeliner Eyelash Eyebrow Make up Beauty Cosmestic Brushes,1909409990,"//www.aliexpress.com/item/4000818797701.html?pdp_ext_f=%7B%22sku_id%22:%2212000019925887418%22,%22ship_from%22:%22%22%7D&gps-id=5547572&scm=1007.19201.130907.0&scm_id=1007.19201.130907.0&scm-url=1007.19201.130907.0&pvid=375266d3-7e89-4a7a-9012-23fe492257f1"
32840627909,231079801,US $38.71,US $90.03,"Sapphire 34"" Bone Straight Bundles With Closure Brazilian Hair Weave Bundles With Closure Human Hair Bundles With Closure Remy",1909409990,"//www.aliexpress.com/item/32840627909.html?pdp_ext_f=%7B%22sku_id%22:%2212000021943058779%22,%22ship_from%22:%22CN%22%7D&gps-id=5547572&scm=1007.19201.130907.0&scm_id=1007.19201.130907.0&scm-url=1007.19201.130907.0&pvid=375266d3-7e89-4a7a-9012-23fe492257f1"
4000539506338,232956230,US $13.21,US $38.86,TWS Bluetooth 5.0 Earphones 2200mAh Charging Box Wireless Headphone 9D Stereo Sports Waterproof Earbuds Headsets With Microphone,1909836164,"//www.aliexpress.com/item/4000539506338.html?pdp_ext_f=%7B%22sku_id%22:%2212000016406259992%22,%22ship_from%22:%22CN%22%7D&gps-id=5547572&scm=1007.19201.130907.0&scm_id=1007.19201.130907.0&scm-url=1007.19201.130907.0&pvid=375266d3-7e89-4a7a-9012-23fe492257f1"
32982338666,232071719,US $21.59,US $239.90,CURREN Casual Sport Watches for Men Blue Top Brand Luxury Military Leather Wrist Watch Man Clock Fashion Chronograph Wristwatch,1909832440,"//www.aliexpress.com/item/32982338666.html?pdp_ext_f=%7B%22sku_id%22:%2212000020564056666%22,%22ship_from%22:%22CN%22%7D&gps-id=5547572&scm=1007.19201.130907.0&scm_id=1007.19201.130907.0&scm-url=1007.19201.130907.0&pvid=375266d3-7e89-4a7a-9012-23fe492257f1"
32974221382,202592647,US $60.54,US $134.54,Ali Grace Body Wave Lace Front Wig 28 inch Body Wave Human Hair Wigs for Women Brazilian Pre-Plucked Lace Front Human Hair Wigs,1909409990,"//www.aliexpress.com/item/32974221382.html?pdp_ext_f=%7B%22sku_id%22:%2212000016824039283%22,%22ship_from%22:%22US%22%7D&gps-id=5547572&scm=1007.19201.130907.0&scm_id=1007.19201.130907.0&scm-url=1007.19201.130907.0&pvid=fb4b60b2-5932-4e75-ac91-c2aa649f218b"
1005001929521247,239228232,US $64.80,US $360.00,Curly Human Hair Wig Lace Front Human Hair Wigs Brazilian Deep Wave Wig Transparent Lace Wig Pre Plucked Wig With Baby Hair,1909831477,"//www.aliexpress.com/item/1005001929521247.html?pdp_ext_f=%7B%22sku_id%22:%2212000021204198335%22,%22ship_from%22:%22CN%22%7D&gps-id=5547572&scm=1007.19201.130907.0&scm_id=1007.19201.130907.0&scm-url=1007.19201.130907.0&pvid=fb4b60b2-5932-4e75-ac91-c2aa649f218b"
32877168257,230807823,US $1.03,US $1.99,ROSALIND Gel Polish Set Manicure for Nails Semi Permanent Vernis top coat UV LED Gel Varnish Soak Off Nail Art Gel Nail Polish,1909409990,"//www.aliexpress.com/item/32877168257.html?pdp_ext_f=%7B%22sku_id%22:%2266415679589%22,%22ship_from%22:%22%22%7D&gps-id=5547572&scm=1007.19201.130907.0&scm_id=1007.19201.130907.0&scm-url=1007.19201.130907.0&pvid=fb4b60b2-5932-4e75-ac91-c2aa649f218b"
4000320339371,231674186,US $11.89,US $33.98,25CM Wide Brim Oversized Beach Hats For Women Large Straw Hat UV Protection Foldable Sun Shade Hat Wholesale Dropshipping,1909409990,"//www.aliexpress.com/item/4000320339371.html?pdp_ext_f=%7B%22sku_id%22:%2210000001323406099%22,%22ship_from%22:%22%22%7D&gps-id=5547572&scm=1007.19201.130907.0&scm_id=1007.19201.130907.0&scm-url=1007.19201.130907.0&pvid=fb4b60b2-5932-4e75-ac91-c2aa649f218b"
1005001309962492,120456550,US $39.71,US $81.05,100% Human Hair Wig With Bangs Short Bob Human Hair Wigs For Black Women Cheap Brazilian Straight Black 30 Inch Long Fringe Wig,1909832440,"//www.aliexpress.com/item/1005001309962492.html?pdp_ext_f=%7B%22sku_id%22:%2212000015654639761%22,%22ship_from%22:%22US%22%7D&gps-id=5547572&scm=1007.19201.130907.0&scm_id=1007.19201.130907.0&scm-url=1007.19201.130907.0&pvid=fb4b60b2-5932-4e75-ac91-c2aa649f218b"
1005001423263333,239685298,US $13.48,US $29.96,Original Lenovo XT91 TWS Earphone Wireless Bluetooth Headphones AI Control Gaming Headset Stereo bass With Mic Noise Reduction,1909409990,"//www.aliexpress.com/item/1005001423263333.html?pdp_ext_f=%7B%22sku_id%22:%2212000021659077203%22,%22ship_from%22:%22RU%22%7D&gps-id=5547572&scm=1007.19201.130907.0&scm_id=1007.19201.130907.0&scm-url=1007.19201.130907.0&pvid=fb4b60b2-5932-4e75-ac91-c2aa649f218b"
4000717645793,239143431,US $2.49,US $4.29,RED SIREN Fluffy Mink Lashes Short Messy Wispy Natural Eyelashes 10mm-18mm Hamdmade Real 3D Mink Eyelashes Makeup False Lashes,1909409990,"//www.aliexpress.com/item/4000717645793.html?pdp_ext_f=%7B%22sku_id%22:%2210000006253827568%22,%22ship_from%22:%22%22%7D&gps-id=5547572&scm=1007.19201.130907.0&scm_id=1007.19201.130907.0&scm-url=1007.19201.130907.0&pvid=fb4b60b2-5932-4e75-ac91-c2aa649f218b"
32852654019,226979762,US $1.97,US $3.79,Visofree Mink Eyelashes Clear Band Eye Lashes Crisscross Transparent Band False Eyelashes Handmade Dramatic Lashes Upper Lash,1909409990,"//www.aliexpress.com/item/32852654019.html?pdp_ext_f=%7B%22sku_id%22:%2212000018558631925%22,%22ship_from%22:%22%22%7D&gps-id=5547572&scm=1007.19201.130907.0&scm_id=1007.19201.130907.0&scm-url=1007.19201.130907.0&pvid=fb4b60b2-5932-4e75-ac91-c2aa649f218b"
33054064732,230099369,US $16.37,US $233.87,Portable Bluetooth Speaker Wireless Bass Subwoofer Waterproof Outdoor Speakers Boombox AUX TF USB Stereo Loudspeaker Music Box,1909834222,"//www.aliexpress.com/item/33054064732.html?pdp_ext_f=%7B%22sku_id%22:%2210000011275028978%22,%22ship_from%22:%22CN%22%7D&gps-id=5547572&scm=1007.19201.130907.0&scm_id=1007.19201.130907.0&scm-url=1007.19201.130907.0&pvid=fb4b60b2-5932-4e75-ac91-c2aa649f218b"
1005001315216951,220714218,US $45.00,US $100.00,Malaysian Curly Headband Wig Human Hair Glueless Headband Scarf Wig for Women Julia Jerry Curl Human Hair Wig with Ice Headband,1909409990,"//www.aliexpress.com/item/1005001315216951.html?pdp_ext_f=%7B%22sku_id%22:%2212000018687844087%22,%22ship_from%22:%22US%22%7D&gps-id=5547572&scm=1007.19201.130907.0&scm_id=1007.19201.130907.0&scm-url=1007.19201.130907.0&pvid=fb4b60b2-5932-4e75-ac91-c2aa649f218b"
33001549366,229762062,US $3.20,US $11.87,O.TWO.O Eyelash Growth Serum Moisturizing Eyelash Nourishing Essence For Eyelashes Enhancer Lengthening Thicker 3ml,1909836164,"//www.aliexpress.com/item/33001549366.html?pdp_ext_f=%7B%22sku_id%22:%2212000018552367410%22,%22ship_from%22:%22RU%22%7D&gps-id=5547572&scm=1007.19201.130907.0&scm_id=1007.19201.130907.0&scm-url=1007.19201.130907.0&pvid=fb4b60b2-5932-4e75-ac91-c2aa649f218b"
4000069871474,239109730,US $16.60,US $37.72,Men Shoes 2021 Breathable White Trendy Sneakers Men Original Casual Light Walking Big Size Man Tennis Shoe Zapatillas Hombre,1909409990,"//www.aliexpress.com/item/4000069871474.html?pdp_ext_f=%7B%22sku_id%22:%2210000000179631859%22,%22ship_from%22:%22%22%7D&gps-id=5547572&scm=1007.19201.130907.0&scm_id=1007.19201.130907.0&scm-url=1007.19201.130907.0&pvid=fb4b60b2-5932-4e75-ac91-c2aa649f218b"
4001349152860,231389210,US $20.29,US $289.90,LIGE Top Brand Luxury Fashion Diver Watch Men 30ATM Waterproof Date Clock Sport Watches Mens Quartz Wristwatch Relogio Masculino,1909834222,"//www.aliexpress.com/item/4001349152860.html?pdp_ext_f=%7B%22sku_id%22:%2212000017733601950%22,%22ship_from%22:%22ES%22%7D&gps-id=5547572&scm=1007.19201.130907.0&scm_id=1007.19201.130907.0&scm-url=1007.19201.130907.0&pvid=fb4b60b2-5932-4e75-ac91-c2aa649f218b"
4000152895166,231389210,US $16.79,US $209.90,LIGE 2020 New Fashion Mens Watches with Stainless Steel Top Brand Luxury Sports Chronograph Quartz Watch Men Relogio Masculino,1909409990,"//www.aliexpress.com/item/4000152895166.html?pdp_ext_f=%7B%22sku_id%22:%2212000020566913956%22,%22ship_from%22:%22RU%22%7D&gps-id=5547572&scm=1007.19201.130907.0&scm_id=1007.19201.130907.0&scm-url=1007.19201.130907.0&pvid=fb4b60b2-5932-4e75-ac91-c2aa649f218b"
32825394755,230883089,US $20.00,US $222.22,MISSFOX 30mm Small Womens Watch Shockproof Waterproof Luxury Ladies Ar Metal Watch bracelets Rhinestone Bu Cheap Chinese Watches,1910049740,"//www.aliexpress.com/item/32825394755.html?pdp_ext_f=%7B%22sku_id%22:%2264940714698%22,%22ship_from%22:%22%22%7D&gps-id=5547572&scm=1007.19201.130907.0&scm_id=1007.19201.130907.0&scm-url=1007.19201.130907.0&pvid=fb4b60b2-5932-4e75-ac91-c2aa649f218b"
1005001723025465,231002238,US $6.27,US $24.12,TWS Bluetooth 5.0 Earphones 3500mAh Charging Box Wireless Headphone 9D Stereo Sports Waterproof Earbuds Headsets With Microphone,1909836164,"//www.aliexpress.com/item/1005001723025465.html?pdp_ext_f=%7B%22sku_id%22:%2212000018639214201%22,%22ship_from%22:%22%22%7D&gps-id=5547572&scm=1007.19201.130907.0&scm_id=1007.19201.130907.0&scm-url=1007.19201.130907.0&pvid=fb4b60b2-5932-4e75-ac91-c2aa649f218b"
1005002272490990,240467848,US $22.49,US $249.90,LIGE 2021 Bluetooth Answer Call Smart Watch Men Full Touch Dial Call Fitness Tracker IP67 Waterproof 4G ROM Smartwatch for women,1909551824,"//www.aliexpress.com/item/1005002272490990.html?pdp_ext_f=%7B%22sku_id%22:%2212000020660108608%22,%22ship_from%22:%22ES%22%7D&gps-id=5547572&scm=1007.19201.130907.0&scm_id=1007.19201.130907.0&scm-url=1007.19201.130907.0&pvid=fb4b60b2-5932-4e75-ac91-c2aa649f218b"
32632635156,204956874,US $0.01,US $2.57,PZOZ Usb Cable For iphone cable 11 12 pro max Xs Xr X SE 8 7 6 plus 6s 5s ipad air mini 4 fast charging cable For iphone charger,1909832440,"//www.aliexpress.com/item/32632635156.html?pdp_ext_f=%7B%22sku_id%22:%2212000021947515048%22,%22ship_from%22:%22CN%22%7D&gps-id=5547572&scm=1007.19201.130907.0&scm_id=1007.19201.130907.0&scm-url=1007.19201.130907.0&pvid=fb4b60b2-5932-4e75-ac91-c2aa649f218b"
4000584997798,239190294,US $60.10,US $122.66,Missanna 32 34 36 38 40Inch Straight Bundle Brazilian Soft Weave Bundles 1/3/4 Pcs Thick Natural Remy 100% Human Hair Extensions,1909409990,"//www.aliexpress.com/item/4000584997798.html?pdp_ext_f=%7B%22sku_id%22:%2212000020567282507%22,%22ship_from%22:%22US%22%7D&gps-id=5547572&scm=1007.19201.130907.0&scm_id=1007.19201.130907.0&scm-url=1007.19201.130907.0&pvid=fb4b60b2-5932-4e75-ac91-c2aa649f218b"
4001251691710,231678247,US $14.93,US $165.90,2021 NEW Drone 4k profession HD Wide Angle Camera 1080P WiFi Fpv Drone Dual Camera Height Keep Drones Camera Helicopter Toys,1909836164,"//www.aliexpress.com/item/4001251691710.html?pdp_ext_f=%7B%22sku_id%22:%2210000015690647968%22,%22ship_from%22:%22CN%22%7D&gps-id=5547572&scm=1007.19201.130907.0&scm_id=1007.19201.130907.0&scm-url=1007.19201.130907.0&pvid=fb4b60b2-5932-4e75-ac91-c2aa649f218b"
4001242038646,231889221,US $52.25,US $95.00,30 Inch Malaysian Loose Deep Wave Wig 13x4 Lace Front Human Hair Wigs For Black Women180 Density Remy 4x4 Curly Lace Closure Wig,1909409990,"//www.aliexpress.com/item/4001242038646.html?pdp_ext_f=%7B%22sku_id%22:%2212000016058534525%22,%22ship_from%22:%22US%22%7D&gps-id=5547572&scm=1007.19201.130907.0&scm_id=1007.19201.130907.0&scm-url=1007.19201.130907.0&pvid=bf67eb6a-6e37-4e72-9a17-f9dc8f869152"
32917821419,201713830,US $54.16,US $79.64,30 32 Inch 4x4 13x4 613 Honey Blonde Colored Lace Frontal Wig Brazilian Remy Body Wave Wig Lace Front Human Hair Wigs for Women,1909409990,"//www.aliexpress.com/item/32917821419.html?pdp_ext_f=%7B%22sku_id%22:%2212000022671517262%22,%22ship_from%22:%22CN%22%7D&gps-id=5547572&scm=1007.19201.130907.0&scm_id=1007.19201.130907.0&scm-url=1007.19201.130907.0&pvid=bf67eb6a-6e37-4e72-9a17-f9dc8f869152"
1005001893243512,239143431,US $27.70,US $60.21,RED SIREN Mink Lashes Wholesale Eyelashes Bulk 5/30/50 Pairs Soft Fluffy Messy Natural Mink Lashes Makeup Mink Eyelashes,1909409990,"//www.aliexpress.com/item/1005001893243512.html?pdp_ext_f=%7B%22sku_id%22:%2212000021858057172%22,%22ship_from%22:%22US%22%7D&gps-id=5547572&scm=1007.19201.130907.0&scm_id=1007.19201.130907.0&scm-url=1007.19201.130907.0&pvid=bf67eb6a-6e37-4e72-9a17-f9dc8f869152"
4000895243563,231289141,US $4.71,US $7.99,Wholesale Eyelashes 4/20/50/100 PCS 3d Mink Lashes Natural Mink Wholesale Items False Eyelashes Makeup False Lashes In Bulk,1909836164,"//www.aliexpress.com/item/4000895243563.html?pdp_ext_f=%7B%22sku_id%22:%2212000020724757262%22,%22ship_from%22:%22CN%22%7D&gps-id=5547572&scm=1007.19201.130907.0&scm_id=1007.19201.130907.0&scm-url=1007.19201.130907.0&pvid=bf67eb6a-6e37-4e72-9a17-f9dc8f869152"
1005002382690946,232980967,US $13.86,US $37.47,SHAREFUNBAY S89 Pro Rc Mini Drone 4k Profesional HD Dual Camera Fpv Drones With Camera Hd 4k Rc Helicopters Quadcopter Toys,1909832440,"//www.aliexpress.com/item/1005002382690946.html?pdp_ext_f=%7B%22sku_id%22:%2212000020469425040%22,%22ship_from%22:%22ES%22%7D&gps-id=5547572&scm=1007.19201.130907.0&scm_id=1007.19201.130907.0&scm-url=1007.19201.130907.0&pvid=bf67eb6a-6e37-4e72-9a17-f9dc8f869152"
1005002375377586,247935025,US $0.15,US $2.50,JGMI 2pcs High Quality Wig Cap Black Brown Blonde Blond Beige Stocking Cosplay Elastic Liner Mesh Hair Net Hairnet,1910049740,"//www.aliexpress.com/item/1005002375377586.html?pdp_ext_f=%7B%22sku_id%22:%2212000020406454007%22,%22ship_from%22:%22CN%22%7D&gps-id=5547572&scm=1007.19201.130907.0&scm_id=1007.19201.130907.0&scm-url=1007.19201.130907.0&pvid=bf67eb6a-6e37-4e72-9a17-f9dc8f869152"
4000217144663,237863514,US $13.49,US $149.90,2021 New Mens Watches LIGE Top Brand Leather Chronograph Waterproof Sport Automatic Date Quartz Watch For Men Relogio Masculino,1909409990,"//www.aliexpress.com/item/4000217144663.html?pdp_ext_f=%7B%22sku_id%22:%2210000002005787822%22,%22ship_from%22:%22ES%22%7D&gps-id=5547572&scm=1007.19201.130907.0&scm_id=1007.19201.130907.0&scm-url=1007.19201.130907.0&pvid=bf67eb6a-6e37-4e72-9a17-f9dc8f869152"
32924219672,201713830,US $85.43,US $131.43,Monstar Remy Blonde Color Hair Body Wave 3 4 Bundles with 13x4 Ear to Ear Lace Frontal Closure Brazilian Human Blonde 613 Hair,1909409990,"//www.aliexpress.com/item/32924219672.html?pdp_ext_f=%7B%22sku_id%22:%2212000022678121199%22,%22ship_from%22:%22%22%7D&gps-id=5547572&scm=1007.19201.130907.0&scm_id=1007.19201.130907.0&scm-url=1007.19201.130907.0&pvid=bf67eb6a-6e37-4e72-9a17-f9dc8f869152"
1005002618912370,221071036,US $22.58,US $40.32,Baseus 120W USB Type C Car Charger Quick Charging for iPhone 12 Pro Xiaomi Samsung Mobile Phone PD QC 3.0 USBC Car Phone Charger,1909832440,"//www.aliexpress.com/item/1005002618912370.html?pdp_ext_f=%7B%22sku_id%22:%2212000021922968461%22,%22ship_from%22:%22PL%22%7D&gps-id=5547572&scm=1007.19201.130907.0&scm_id=1007.19201.130907.0&scm-url=1007.19201.130907.0&pvid=bf67eb6a-6e37-4e72-9a17-f9dc8f869152"
4000537293120,231793001,US $23.99,US $299.90,2021 Top Brand LIGE Men Watches Fashion Sport Leather Watch Mens Luxury Date Waterproof Quartz Chronograph Relogio Masculino+Box,1909551824,"//www.aliexpress.com/item/4000537293120.html?pdp_ext_f=%7B%22sku_id%22:%2210000002758585469%22,%22ship_from%22:%22CN%22%7D&gps-id=5547572&scm=1007.19201.130907.0&scm_id=1007.19201.130907.0&scm-url=1007.19201.130907.0&pvid=bf67eb6a-6e37-4e72-9a17-f9dc8f869152"
1005001707694636,244168931,US $9.84,US $24.59,SALSPOR Women High Waist Leggings For Fitness Ladies Sexy Bubble Butt Gym Sports Workout Leggings Push Up Fitness Female Leggins,1909409990,"//www.aliexpress.com/item/1005001707694636.html?pdp_ext_f=%7B%22sku_id%22:%2212000018100859498%22,%22ship_from%22:%22CN%22%7D&gps-id=5547572&scm=1007.19201.130907.0&scm_id=1007.19201.130907.0&scm-url=1007.19201.130907.0&pvid=bf67eb6a-6e37-4e72-9a17-f9dc8f869152"
1005002311854537,244683614,US $13.21,US $188.67,OUBAOER 2021 Women Watches Waterproof Quartz Movement Leather Clock Luxury Fashion Trend Ladies Diamond Wristwatches Best Seller,1909551824,"//www.aliexpress.com/item/1005002311854537.html?pdp_ext_f=%7B%22sku_id%22:%2212000020072495585%22,%22ship_from%22:%22CN%22%7D&gps-id=5547572&scm=1007.19201.130907.0&scm_id=1007.19201.130907.0&scm-url=1007.19201.130907.0&pvid=bf67eb6a-6e37-4e72-9a17-f9dc8f869152"
4001231411717,229557341,US $13.43,US $167.90,Shengke New Design Women Watches Elegant 32 MM Dial Blue Mesh Band Reloj Mujer Japanese Quartz Movement Luxury Relogio Feminino,1909551824,"//www.aliexpress.com/item/4001231411717.html?pdp_ext_f=%7B%22sku_id%22:%2212000016055097480%22,%22ship_from%22:%22RU%22%7D&gps-id=5547572&scm=1007.19201.130907.0&scm_id=1007.19201.130907.0&scm-url=1007.19201.130907.0&pvid=bf67eb6a-6e37-4e72-9a17-f9dc8f869152"
32754862897,229411006,US $9.90,US $99.00,High Quality MEN Titanium alloy Eyeglasses Non spherical 12 Layer Coated lenses reading glasses+1.0 +1.5 +2.0 +2.5 +3.0 +3.5+4.0,1910049740,"//www.aliexpress.com/item/32754862897.html?pdp_ext_f=%7B%22sku_id%22:%2261894430671%22,%22ship_from%22:%22%22%7D&gps-id=5547572&scm=1007.19201.130907.0&scm_id=1007.19201.130907.0&scm-url=1007.19201.130907.0&pvid=bf67eb6a-6e37-4e72-9a17-f9dc8f869152"
4001297465148,230130274,US $16.06,US $178.40,Powerful led Solar light outdoors PIR Motion Sensor Wall lamp solar lamp Waterproof Solar Power Sunlight for Garden Decoration,1909551824,"//www.aliexpress.com/item/4001297465148.html?pdp_ext_f=%7B%22sku_id%22:%2212000021563748471%22,%22ship_from%22:%22CN%22%7D&gps-id=5547572&scm=1007.19201.130907.0&scm_id=1007.19201.130907.0&scm-url=1007.19201.130907.0&pvid=bf67eb6a-6e37-4e72-9a17-f9dc8f869152"
1005002224435603,248219363,US $151.20,"US $1,680.00",OUPINKE Men's Classic Automatic Mechanical Watch Waterproof Leather Strap Swiss Movement High Quality Watches,1909551824,"//www.aliexpress.com/item/1005002224435603.html?pdp_ext_f=%7B%22sku_id%22:%2212000019379827664%22,%22ship_from%22:%22CN%22%7D&gps-id=5547572&scm=1007.19201.130907.0&scm_id=1007.19201.130907.0&scm-url=1007.19201.130907.0&pvid=bf67eb6a-6e37-4e72-9a17-f9dc8f869152"
1005002039035514,240119948,US $34.19,US $379.90,LIGE 2021 New Smart Watch Men Full Touch Screen Sports Fitness Watch IP68 Waterproof Bluetooth For Android ios smartwatch Mens,1909551824,"//www.aliexpress.com/item/1005002039035514.html?pdp_ext_f=%7B%22sku_id%22:%2212000018510253264%22,%22ship_from%22:%22RU%22%7D&gps-id=5547572&scm=1007.19201.130907.0&scm_id=1007.19201.130907.0&scm-url=1007.19201.130907.0&pvid=bf67eb6a-6e37-4e72-9a17-f9dc8f869152"
4001035482819,240575923,US $85.26,US $473.65,PAGANI DESIGN Sapphire Glass 40MM Ceramic GMT Mechanical Watches 100m Waterproof Classic Fashion Luxury Automatic Watch,1909409990,"//www.aliexpress.com/item/4001035482819.html?pdp_ext_f=%7B%22sku_id%22:%2210000015441815036%22,%22ship_from%22:%22US%22%7D&gps-id=5547572&scm=1007.19201.130907.0&scm_id=1007.19201.130907.0&scm-url=1007.19201.130907.0&pvid=bf67eb6a-6e37-4e72-9a17-f9dc8f869152"
4000860365536,220907778,US $2.27,US $4.94,1 Roll 5M Women Breast Nipple Covers Push Up Bra Body Invisible Breast Lift Tape Adhesive Bras Intimates Sexy Bralette Pasties,1909409990,"//www.aliexpress.com/item/4000860365536.html?pdp_ext_f=%7B%22sku_id%22:%2212000018549836120%22,%22ship_from%22:%22%22%7D&gps-id=5547572&scm=1007.19201.130907.0&scm_id=1007.19201.130907.0&scm-url=1007.19201.130907.0&pvid=bf67eb6a-6e37-4e72-9a17-f9dc8f869152"
1005001585752633,239600180,US $15.50,US $155.00,JBL T180A In-Ear Stereo Earphones 3.5mm Wired Sport Gaming Headset Pure Bass Earbuds Handsfree With microphone,1910049740,"//www.aliexpress.com/item/1005001585752633.html?pdp_ext_f=%7B%22sku_id%22:%2212000016692011947%22,%22ship_from%22:%22%22%7D&gps-id=5547572&scm=1007.19201.130907.0&scm_id=1007.19201.130907.0&scm-url=1007.19201.130907.0&pvid=bf67eb6a-6e37-4e72-9a17-f9dc8f869152"
32966227083,201713830,US $51.24,US $77.64,Monstar 13x1 4x4 13x4 613 Honey Blonde Colored Brazilian Remy Straight Bob Lace Front Human Hair Wig Lace Frontal Wigs for Women,1909409990,"//www.aliexpress.com/item/32966227083.html?pdp_ext_f=%7B%22sku_id%22:%2212000022669133392%22,%22ship_from%22:%22US%22%7D&gps-id=5547572&scm=1007.19201.130907.0&scm_id=1007.19201.130907.0&scm-url=1007.19201.130907.0&pvid=8e4977c7-da29-49f7-bbba-990d99b8246c"
1005002034148124,120456550,US $53.90,US $110.00,Bob Wig Short Brazilian Bone Straight Cheap Human Hair Wigs For Black Women Black Wig T Part Lace Bob Human Hair Wig Pre Plucked,1909832440,"//www.aliexpress.com/item/1005002034148124.html?pdp_ext_f=%7B%22sku_id%22:%2212000018486794744%22,%22ship_from%22:%22US%22%7D&gps-id=5547572&scm=1007.19201.130907.0&scm_id=1007.19201.130907.0&scm-url=1007.19201.130907.0&pvid=8e4977c7-da29-49f7-bbba-990d99b8246c"
1005001478636873,244132036,US $1.29,US $1.99,3D Mink Lashes 5/8/10 Pairs Natural False Eyelashes Fluffy Soft Wispy Volume Dramatic Long Cross Eyelash Extension Makeup,1910049740,"//www.aliexpress.com/item/1005001478636873.html?pdp_ext_f=%7B%22sku_id%22:%2212000018385177260%22,%22ship_from%22:%22CN%22%7D&gps-id=5547572&scm=1007.19201.130907.0&scm_id=1007.19201.130907.0&scm-url=1007.19201.130907.0&pvid=8e4977c7-da29-49f7-bbba-990d99b8246c"
1005001808944908,231389210,US $19.19,US $239.90,2021 LIGE Casual Sports Watch for Men Top Brand Luxury Military Leather Wrist Watches Mens Clocks Fashion Chronograph Wristwatch,1909832440,"//www.aliexpress.com/item/1005001808944908.html?pdp_ext_f=%7B%22sku_id%22:%2212000017705785738%22,%22ship_from%22:%22CN%22%7D&gps-id=5547572&scm=1007.19201.130907.0&scm_id=1007.19201.130907.0&scm-url=1007.19201.130907.0&pvid=8e4977c7-da29-49f7-bbba-990d99b8246c"
1005001369959561,244145493,US $11.99,US $149.90,Luxury Golden Watches Men Top Brand Designer Quartz Wristwatches Creative Rectangle Diamond Watch Waterproof Relogio Masculino,1909551824,"//www.aliexpress.com/item/1005001369959561.html?pdp_ext_f=%7B%22sku_id%22:%2212000015835479025%22,%22ship_from%22:%22CN%22%7D&gps-id=5547572&scm=1007.19201.130907.0&scm_id=1007.19201.130907.0&scm-url=1007.19201.130907.0&pvid=8e4977c7-da29-49f7-bbba-990d99b8246c"
4000575536603,229890389,US $17.09,US $189.90,MISSFOX Magnetic Watch Women Luxury Brand Waterproof Diamond Women Watches Hollow Blue Quartz Elegant Gold Ladies Wrist Watch,1910049740,"//www.aliexpress.com/item/4000575536603.html?pdp_ext_f=%7B%22sku_id%22:%2210000003227585606%22,%22ship_from%22:%22CN%22%7D&gps-id=5547572&scm=1007.19201.130907.0&scm_id=1007.19201.130907.0&scm-url=1007.19201.130907.0&pvid=8e4977c7-da29-49f7-bbba-990d99b8246c"
1005002754523078,234648111,US $19.79,US $219.90,2021 LIGE Brand SUNKTA Women Watches Fashion leather Ladies Quartz Watch TOP Brand Luxury Dial Simple Rose Gold Women Watches,1910049740,"//www.aliexpress.com/item/1005002754523078.html?pdp_ext_f=%7B%22sku_id%22:%2212000021974559695%22,%22ship_from%22:%22CN%22%7D&gps-id=5547572&scm=1007.19201.130907.0&scm_id=1007.19201.130907.0&scm-url=1007.19201.130907.0&pvid=8e4977c7-da29-49f7-bbba-990d99b8246c"
4000252609326,230118074,US $23.58,US $235.84,LED Solar Fairy Light Powered Mason Jar Lights for Outdoor Patio Party Wedding Garden Courtyard Decorative Led Lamps,1909551824,"//www.aliexpress.com/item/4000252609326.html?pdp_ext_f=%7B%22sku_id%22:%2210000001022266606%22,%22ship_from%22:%22CN%22%7D&gps-id=5547572&scm=1007.19201.130907.0&scm_id=1007.19201.130907.0&scm-url=1007.19201.130907.0&pvid=8e4977c7-da29-49f7-bbba-990d99b8246c"
1005001551150863,244965346,US $4.59,US $11.76,LED Strips Lights Bluetooth Luces Led RGB 5050 SMD 2835 Flexible Waterproof Tape Diode 5M 10M 15M DC 12V Remote Control+Adapter,1909836164,"//www.aliexpress.com/item/1005001551150863.html?pdp_ext_f=%7B%22sku_id%22:%2212000021756507422%22,%22ship_from%22:%22CN%22%7D&gps-id=5547572&scm=1007.19201.130907.0&scm_id=1007.19201.130907.0&scm-url=1007.19201.130907.0&pvid=8e4977c7-da29-49f7-bbba-990d99b8246c"
4001122350097,241682676,US $5.77,US $19.89,AGUUD 0.05 Sharp Slim Narrow Base Premade Fans Lash 5D 6D 8D 10D 12D 14D Volume Silk False Mink Eyelashes Extension Makeup Cilia,1909409990,"//www.aliexpress.com/item/4001122350097.html?pdp_ext_f=%7B%22sku_id%22:%2212000018046839323%22,%22ship_from%22:%22CN%22%7D&gps-id=5547572&scm=1007.19201.130907.0&scm_id=1007.19201.130907.0&scm-url=1007.19201.130907.0&pvid=8e4977c7-da29-49f7-bbba-990d99b8246c"
4001091536613,240575923,US $77.99,US $599.93,PAGANI Design Men Automatic Watch Sapphire Luxury Mechanical Wristwatch Stainless Steel Waterproof Watch Men Mekaniska klockor,1909409990,"//www.aliexpress.com/item/4001091536613.html?pdp_ext_f=%7B%22sku_id%22:%2210000014319498048%22,%22ship_from%22:%22CZ%22%7D&gps-id=5547572&scm=1007.19201.130907.0&scm_id=1007.19201.130907.0&scm-url=1007.19201.130907.0&pvid=8e4977c7-da29-49f7-bbba-990d99b8246c"
4000119660700,228754193,US $39.34,US $83.71,Professional Fascial Massage Gun Sport Relaxation Fitness EMS Muscle Stimulator Handheld Massager,1909834222,"//www.aliexpress.com/item/4000119660700.html?pdp_ext_f=%7B%22sku_id%22:%2210000015231789923%22,%22ship_from%22:%22RU%22%7D&gps-id=5547572&scm=1007.19201.130907.0&scm_id=1007.19201.130907.0&scm-url=1007.19201.130907.0&pvid=8e4977c7-da29-49f7-bbba-990d99b8246c"
1005002433832228,122820548,US $0.01,US $7.69,17KM Punk 2Pcs Heart Brick Couples Love Necklace For Lovers Women Men Lego Elements Friendship Necklaces Valentines Gift Jewelry,1909832440,"//www.aliexpress.com/item/1005002433832228.html?pdp_ext_f=%7B%22sku_id%22:%2212000020641522525%22,%22ship_from%22:%22%22%7D&gps-id=5547572&scm=1007.19201.130907.0&scm_id=1007.19201.130907.0&scm-url=1007.19201.130907.0&pvid=8e4977c7-da29-49f7-bbba-990d99b8246c"
1005001585589951,238959442,US $140.82,"US $1,083.25",MIUI 10L/12.7QT Air Fryer Oven No Oil Toaster for Home Electric Rotisserie Oven with LED Digital Touchscreen Frying Machine 5in1,1909409990,"//www.aliexpress.com/item/1005001585589951.html?pdp_ext_f=%7B%22sku_id%22:%2212000021944471049%22,%22ship_from%22:%22IL%22%7D&gps-id=5547572&scm=1007.19201.130907.0&scm_id=1007.19201.130907.0&scm-url=1007.19201.130907.0&pvid=8e4977c7-da29-49f7-bbba-990d99b8246c"
1005002083966620,248120567,US $4.39,US $7.31,Crop Top Women Vintage Seamless Underwear Sexy Lingerie Bralette Female Sports Vest Harajuku Deep V Neck Camis Crop Top Camisole,1909409990,"//www.aliexpress.com/item/1005002083966620.html?pdp_ext_f=%7B%22sku_id%22:%2212000018688486617%22,%22ship_from%22:%22CN%22%7D&gps-id=5547572&scm=1007.19201.130907.0&scm_id=1007.19201.130907.0&scm-url=1007.19201.130907.0&pvid=8e4977c7-da29-49f7-bbba-990d99b8246c"
32931413270,231380029,US $27.30,US $130.00,AEAW 2ctw 6.5mm Round Cut Engagement&Wedding Moissanite Diamond Ring Double Halo Ring Platinum Plated Silver,1909833203,"//www.aliexpress.com/item/32931413270.html?pdp_ext_f=%7B%22sku_id%22:%2266151621566%22,%22ship_from%22:%22%22%7D&gps-id=5547572&scm=1007.19201.130907.0&scm_id=1007.19201.130907.0&scm-url=1007.19201.130907.0&pvid=8e4977c7-da29-49f7-bbba-990d99b8246c"
1005002264685038,220437487,US $36.55,US $58.95,"Original Xiaomi Mi Band 6 Sport Wristband Heart Rate Fitness Tracker Bluetooth 1.56 "" AMOLED Screen Smart Band 5 Color Bracelet",1909409990,"//www.aliexpress.com/item/1005002264685038.html?pdp_ext_f=%7B%22sku_id%22:%2212000020429583358%22,%22ship_from%22:%22%22%7D&gps-id=5547572&scm=1007.19201.130907.0&scm_id=1007.19201.130907.0&scm-url=1007.19201.130907.0&pvid=8e4977c7-da29-49f7-bbba-990d99b8246c"
1005002363951776,248766638,US $1.87,US $12.48,EARDECO Mobile Wired Headphones Bass In Ear Phone Earphone Stereo Headphone Earbuds Headset With Microphone Sport Earphones,1910049740,"//www.aliexpress.com/item/1005002363951776.html?pdp_ext_f=%7B%22sku_id%22:%2212000020326153592%22,%22ship_from%22:%22CN%22%7D&gps-id=5547572&scm=1007.19201.130907.0&scm_id=1007.19201.130907.0&scm-url=1007.19201.130907.0&pvid=8e4977c7-da29-49f7-bbba-990d99b8246c"
4000631726597,221343669,US $13.76,US $85.99,"Bluedio Particle, Wireless Earphone, BT5.0, Bass, Waterproof Earbuds, Wireless Headset, Sport, Mic, Bluetooth-compatible",1909832440,"//www.aliexpress.com/item/4000631726597.html?pdp_ext_f=%7B%22sku_id%22:%2210000007741964833%22,%22ship_from%22:%22RU%22%7D&gps-id=5547572&scm=1007.19201.130907.0&scm_id=1007.19201.130907.0&scm-url=1007.19201.130907.0&pvid=8e4977c7-da29-49f7-bbba-990d99b8246c"
4000199010849,231974062,US $6.54,US $17.20,DIENQI Carbon Fiber Card Holder Wallets Men Brand Rfid Black Magic Trifold Leather Slim Mini Wallet Small Money Bag Male Purses,1910165734,"//www.aliexpress.com/item/4000199010849.html?pdp_ext_f=%7B%22sku_id%22:%2210000000756173666%22,%22ship_from%22:%22%22%7D&gps-id=5547572&scm=1007.19201.130907.0&scm_id=1007.19201.130907.0&scm-url=1007.19201.130907.0&pvid=8e4977c7-da29-49f7-bbba-990d99b8246c"
1005002466096506,222011717,US $96.88,US $193.76,Straight Lace Front Human Hair Wigs for Women 30 40 Inch Brazilian Natural Hd Glueless Full Transparent 13x4 Lace Frontal Wig,1909836164,"//www.aliexpress.com/item/1005002466096506.html?pdp_ext_f=%7B%22sku_id%22:%2212000021441369547%22,%22ship_from%22:%22US%22%7D&gps-id=5547572&scm=1007.19201.130907.0&scm_id=1007.19201.130907.0&scm-url=1007.19201.130907.0&pvid=0e75bcbf-0687-46ca-8ff5-8dc07ad3daf8"
32960826082,220960793,US $74.53,US $126.33,Cynosure 13x4/13x6 HD Transparent Lace Front Human Hair Wigs For Women 180% Brazilian Kinky Curly 4x4 Lace Closure Wig Remy Hair,1909409990,"//www.aliexpress.com/item/32960826082.html?pdp_ext_f=%7B%22sku_id%22:%2212000022789314174%22,%22ship_from%22:%22CN%22%7D&gps-id=5547572&scm=1007.19201.130907.0&scm_id=1007.19201.130907.0&scm-url=1007.19201.130907.0&pvid=0e75bcbf-0687-46ca-8ff5-8dc07ad3daf8"
32971684012,231389210,US $31.99,US $399.90,Relogio Masculino LIGE New Sport Chronograph Mens Watches Top Brand Luxury Full Steel Quartz Clock Waterproof Big Dial Watch Men,1909832440,"//www.aliexpress.com/item/32971684012.html?pdp_ext_f=%7B%22sku_id%22:%2210000012922189486%22,%22ship_from%22:%22ES%22%7D&gps-id=5547572&scm=1007.19201.130907.0&scm_id=1007.19201.130907.0&scm-url=1007.19201.130907.0&pvid=0e75bcbf-0687-46ca-8ff5-8dc07ad3daf8"
32783203550,229806002,US $16.19,US $179.90,NAVIFORCE Mens Watches Top Luxury Brand Fashion Sport Watches Men Waterproof Quartz Clock Male Army Military Leather Wrist Watch,1909832440,"//www.aliexpress.com/item/32783203550.html?pdp_ext_f=%7B%22sku_id%22:%2263040452526%22,%22ship_from%22:%22%22%7D&gps-id=5547572&scm=1007.19201.130907.0&scm_id=1007.19201.130907.0&scm-url=1007.19201.130907.0&pvid=0e75bcbf-0687-46ca-8ff5-8dc07ad3daf8"
1005001344564074,234720814,US $15.29,US $169.90,LIGE Japan Quartz Women's Watch Fashion Female Wristwatch Switzerland Luxury Brand reloj mujer Waterproof Women Bracelet Watch,1909551824,"//www.aliexpress.com/item/1005001344564074.html?pdp_ext_f=%7B%22sku_id%22:%2212000015763492298%22,%22ship_from%22:%22CN%22%7D&gps-id=5547572&scm=1007.19201.130907.0&scm_id=1007.19201.130907.0&scm-url=1007.19201.130907.0&pvid=0e75bcbf-0687-46ca-8ff5-8dc07ad3daf8"
4000982287565,231501725,US $14.98,US $99.90,JAPAN MIYOTA 2035 Quartz Movement Simple Design Luxury Gift Stainless Steel Band Curved Face Blue Rose Gold Watches For Women,1909551824,"//www.aliexpress.com/item/4000982287565.html?pdp_ext_f=%7B%22sku_id%22:%2210000014388324385%22,%22ship_from%22:%22RU%22%7D&gps-id=5547572&scm=1007.19201.130907.0&scm_id=1007.19201.130907.0&scm-url=1007.19201.130907.0&pvid=0e75bcbf-0687-46ca-8ff5-8dc07ad3daf8"
1005002637411297,234326364,US $1.19,US $6.98,New Double Stainless Steel Bracelet 18CM Adjustable Tree of Life Young Trending Bracelet Bangles Jewelry 2021 For Women Gift,1910049740,"//www.aliexpress.com/item/1005002637411297.html?pdp_ext_f=%7B%22sku_id%22:%2212000021509127111%22,%22ship_from%22:%22CN%22%7D&gps-id=5547572&scm=1007.19201.130907.0&scm_id=1007.19201.130907.0&scm-url=1007.19201.130907.0&pvid=0e75bcbf-0687-46ca-8ff5-8dc07ad3daf8"
4000307167721,220730155,US $68.80,US $172.00,613 Blonde Lace Front Human Hair Wigs Brazilian Loose Deep Wave 150 Density 13x4 Lace Front Wig Remy Human Hair Wigs T Part Lace,1909409990,"//www.aliexpress.com/item/4000307167721.html?pdp_ext_f=%7B%22sku_id%22:%2212000022675538927%22,%22ship_from%22:%22CN%22%7D&gps-id=5547572&scm=1007.19201.130907.0&scm_id=1007.19201.130907.0&scm-url=1007.19201.130907.0&pvid=0e75bcbf-0687-46ca-8ff5-8dc07ad3daf8"
1005002356707756,222547356,US $127.49,US $749.95,2021 New PAGANI DESIGN Wave Men Mechanical watch Luxury Automatic Watch for men NH35 Sapphire crystal Dive wristwatch clock man,1909551824,"//www.aliexpress.com/item/1005002356707756.html?pdp_ext_f=%7B%22sku_id%22:%2212000020270167019%22,%22ship_from%22:%22CN%22%7D&gps-id=5547572&scm=1007.19201.130907.0&scm_id=1007.19201.130907.0&scm-url=1007.19201.130907.0&pvid=0e75bcbf-0687-46ca-8ff5-8dc07ad3daf8"
1005001672112988,240430303,US $28.04,US $164.95,LIGE New Men Smart watch Heart rate Blood pressure IP68 waterproof sports Fitness watch Luxury Smart watch male for iOS Android,1909836164,"//www.aliexpress.com/item/1005001672112988.html?pdp_ext_f=%7B%22sku_id%22:%2212000017074915477%22,%22ship_from%22:%22RU%22%7D&gps-id=5547572&scm=1007.19201.130907.0&scm_id=1007.19201.130907.0&scm-url=1007.19201.130907.0&pvid=0e75bcbf-0687-46ca-8ff5-8dc07ad3daf8"
1005001868460958,240430303,US $21.24,US $124.95,2021 Bluetooth Call watch Smart watch For men And women Full touch fitness tracker Blood pressure Smart clock ladies Smart watch,1909832440,"//www.aliexpress.com/item/1005001868460958.html?pdp_ext_f=%7B%22sku_id%22:%2212000017944283712%22,%22ship_from%22:%22RU%22%7D&gps-id=5547572&scm=1007.19201.130907.0&scm_id=1007.19201.130907.0&scm-url=1007.19201.130907.0&pvid=0e75bcbf-0687-46ca-8ff5-8dc07ad3daf8"
1005002116352230,231818581,US $93.07,US $166.20,SVT Headband Wig 100% Human Hair Scarf Wig 150%/180% Density Remy Brazilian Body Wave Wig Natural Wavy Glueless Wig for Women 1B,1909409990,"//www.aliexpress.com/item/1005002116352230.html?pdp_ext_f=%7B%22sku_id%22:%2212000018793910060%22,%22ship_from%22:%22US%22%7D&gps-id=5547572&scm=1007.19201.130907.0&scm_id=1007.19201.130907.0&scm-url=1007.19201.130907.0&pvid=0e75bcbf-0687-46ca-8ff5-8dc07ad3daf8"
1005002414466359,251333931,US $1.99,US $19.95,3.5mm Wired Headphones With Bass Earbuds Stereo Earphones Music Headphones Sport Earphones Gaming Headset With Mic for Xiaomi,1909551824,"//www.aliexpress.com/item/1005002414466359.html?pdp_ext_f=%7B%22sku_id%22:%2212000020573794823%22,%22ship_from%22:%22CN%22%7D&gps-id=5547572&scm=1007.19201.130907.0&scm_id=1007.19201.130907.0&scm-url=1007.19201.130907.0&pvid=0e75bcbf-0687-46ca-8ff5-8dc07ad3daf8"
1005001483376243,229434204,US $4.70,US $9.99,wholesale mink eyelashes bulk 4/20/100/200pcs natural false eye lashes fluffy wispy faux 3d lashes fake eyelash long soft,1909551824,"//www.aliexpress.com/item/1005001483376243.html?pdp_ext_f=%7B%22sku_id%22:%2212000018076846018%22,%22ship_from%22:%22%22%7D&gps-id=5547572&scm=1007.19201.130907.0&scm_id=1007.19201.130907.0&scm-url=1007.19201.130907.0&pvid=0e75bcbf-0687-46ca-8ff5-8dc07ad3daf8"
33012813459,201602661,US $46.34,US $149.50,iron circle Wedding arch props background single arch flower outdoor lawn wedding flower door rack wedding birthday decoration,1909409990,"//www.aliexpress.com/item/33012813459.html?pdp_ext_f=%7B%22sku_id%22:%2212000016414620964%22,%22ship_from%22:%22CN%22%7D&gps-id=5547572&scm=1007.19201.130907.0&scm_id=1007.19201.130907.0&scm-url=1007.19201.130907.0&pvid=0e75bcbf-0687-46ca-8ff5-8dc07ad3daf8"
4000001752707,221208907,US $13.06,US $46.63,For iPad Pencil Stylus Pen for Apple Pencil 1 2 Touch Pen for Tablet IOS Android Stylus Pen for iPad Xiaomi Huawei Pencil Phone,1909409990,"//www.aliexpress.com/item/4000001752707.html?pdp_ext_f=%7B%22sku_id%22:%2210000015456702601%22,%22ship_from%22:%22CN%22%7D&gps-id=5547572&scm=1007.19201.130907.0&scm_id=1007.19201.130907.0&scm-url=1007.19201.130907.0&pvid=0e75bcbf-0687-46ca-8ff5-8dc07ad3daf8"
1005001714359729,235645781,US $22.09,US $78.89,Pants Female Women's Jeans Large Size Boyfriend Jean Women Jeans y2k Pants High Waist Mom Ripped Jeans 2021 Stright Trousers,1909409990,"//www.aliexpress.com/item/1005001714359729.html?pdp_ext_f=%7B%22sku_id%22:%2212000017265051934%22,%22ship_from%22:%22%22%7D&gps-id=5547572&scm=1007.19201.130907.0&scm_id=1007.19201.130907.0&scm-url=1007.19201.130907.0&pvid=0e75bcbf-0687-46ca-8ff5-8dc07ad3daf8"
4000829048056,240117234,US $19.46,US $52.59,Women's Chunky Sneakers Thick Bottom Platform Vulcanize Shoes Fashion Breathable Casual Running Shoe for Woman Female 2020,1909409990,"//www.aliexpress.com/item/4000829048056.html?pdp_ext_f=%7B%22sku_id%22:%2212000021087234639%22,%22ship_from%22:%22CN%22%7D&gps-id=5547572&scm=1007.19201.130907.0&scm_id=1007.19201.130907.0&scm-url=1007.19201.130907.0&pvid=0e75bcbf-0687-46ca-8ff5-8dc07ad3daf8"
4000669887458,234527147,US $24.56,US $54.58,1080P PTZ Wifi IP Camera Outdoor 4X Digital Zoom AI Human Detect Wireless Camera H.265 P2P Audio 2MP 3MP Security CCTV Camera,1909409990,"//www.aliexpress.com/item/4000669887458.html?pdp_ext_f=%7B%22sku_id%22:%2210000005616799439%22,%22ship_from%22:%22CN%22%7D&gps-id=5547572&scm=1007.19201.130907.0&scm_id=1007.19201.130907.0&scm-url=1007.19201.130907.0&pvid=0e75bcbf-0687-46ca-8ff5-8dc07ad3daf8"
